{
  "swagger": "2.0",
  "info": {
    "title": "itmx/promptguard/v1/tx_service.proto",
    "version": "version not set"
  },
  "tags": [
    {
      "name": "itmx.promptguard.v1.TxService"
    }
  ],
  "consumes": [
    "application/json"
  ],
  "produces": [
    "application/json"
  ],
  "paths": {},
  "definitions": {
    "protobufAny": {
      "type": "object",
      "properties": {
        "@type": {
          "type": "string"
        }
      },
      "additionalProperties": {}
    },
    "rpcStatus": {
      "type": "object",
      "properties": {
        "code": {
          "type": "integer",
          "format": "int32"
        },
        "message": {
          "type": "string"
        },
        "details": {
          "type": "array",
          "items": {
            "type": "object",
            "$ref": "#/definitions/protobufAny"
          }
        }
      }
    },
    "v1GetScoreResponse": {
      "type": "object",
      "properties": {
        "results": {
          "type": "array",
          "items": {
            "type": "object",
            "$ref": "#/definitions/v1Score"
          }
        }
      }
    },
    "v1ProxyType": {
      "type": "string",
      "enum": [
        "PROXY_ACCOUNT",
        "PROXY_TEL",
        "PROXY_NAT_ID",
        "PROXY_BILLERID"
      ],
      "default": "PROXY_ACCOUNT"
    },
    "v1Score": {
      "type": "object",
      "properties": {
        "txId": {
          "type": "string"
        },
        "score": {
          "type": "integer",
          "format": "int64"
        }
      }
    },
    "v1Tx": {
      "type": "object",
      "properties": {
        "senderFiCode": {
          "type": "string"
        },
        "senderProxyId": {
          "type": "string"
        },
        "senderProxyType": {
          "$ref": "#/definitions/v1ProxyType"
        },
        "receiverFiCode": {
          "type": "string"
        },
        "receiverProxyId": {
          "type": "string"
        },
        "receiverProxyType": {
          "$ref": "#/definitions/v1ProxyType"
        },
        "timestamp": {
          "type": "string"
        },
        "amount": {
          "type": "string",
          "format": "uint64"
        },
        "currency": {
          "type": "string"
        },
        "txId": {
          "type": "string"
        }
      }
    }
  }
}
